year,land_use_class,r_squared,slope,n_pixels
2020,Agricultural zone,0.020240092895172368,-1.9433147884670259,203496
2020,Residential zone,0.0024580226129474235,0.8320774224898391,154351
2020,Commercial zone,0.008252162444391776,1.238664211693465,3567
2020,Industrial zone,0.19817437577200625,12.672689447606704,5803
2020,Forest zone,0.00018601914442691611,-0.1819630109386883,1317959
2020,Public use zone,0.030574468880253874,-2.381417009223462,46687
2020,Area of cultural and archaeological importance,0.2798273804829332,-9.260826228358841,4434247
2020,Area of mines and minerals,0.09806743349763748,9.324079541594177,1113
